{"cameraMode":{"drawMode":0,"name":"Shaded","section":"Shading Mode"},"sceneLighting":true,"audioPlay":false,"sceneViewState":{"showFog":true,"showMaterialUpdate":false,"showSkybox":true,"showFlares":true,"showImageEffects":true,"showParticleSystems":true},"in2DMode":false,"pivot":{"x":-502.8875732421875,"y":-0.6949372291564941,"z":499.57501220703127},"rotation":{"x":-0.02940211072564125,"y":-0.7316194772720337,"z":-0.03161940723657608,"w":0.680354118347168},"size":2.33553409576416,"orthographic":false}