{"cameraMode":{"drawMode":0,"name":"Shaded","section":"Shading Mode"},"sceneLighting":false,"audioPlay":false,"sceneViewState":{"showFog":true,"showMaterialUpdate":false,"showSkybox":false,"showFlares":true,"showImageEffects":true,"showParticleSystems":true},"in2DMode":false,"pivot":{"x":-2.266584873199463,"y":-1.6386892795562745,"z":-0.9445887804031372},"rotation":{"x":-0.008731641806662083,"y":-0.39425235986709597,"z":0.003809330752119422,"w":-0.918982207775116},"size":2.640573740005493,"orthographic":false}